team,scenario,hidden,seed,counted,total,deliveries,delivery,efficiency,safety,rules,pose,collisions,fatal,end_reason,error,wall_s,step_mean_ms,step_max_ms,sandbox_violations,check
team_dreamteam_4_0,01_clear,False,1,True,99.85,2,40.0,14.846,25.0,10.0,10.0,0.0,False,missions_done,,5.074,1.2,26.201,0,OK
team_dreamteam_4_0,01_clear,False,2,True,99.92,2,40.0,14.922,25.0,10.0,10.0,0.0,False,missions_done,,5.361,1.278,26.142,0,OK
team_dreamteam_4_0,01_clear,False,3,True,99.59,2,40.0,14.592,25.0,10.0,10.0,0.0,False,missions_done,,5.203,1.212,25.384,0,OK
team_dreamteam_4_0,01_clear,False,7,True,99.92,2,40.0,14.917,25.0,10.0,10.0,0.0,False,missions_done,,5.082,1.219,24.619,0,OK
team_dreamteam_4_0,01_clear,False,11,True,99.84,2,40.0,14.841,25.0,10.0,10.0,0.0,False,missions_done,,4.955,1.174,24.783,0,OK
team_dreamteam_4_0,01_clear,False,21,True,99.91,2,40.0,14.912,25.0,10.0,10.0,0.0,False,missions_done,,5.567,1.335,27.28,0,OK
team_dreamteam_4_0,01_clear,False,42,True,99.9,2,40.0,14.903,25.0,10.0,10.0,0.0,False,missions_done,,5.469,1.321,24.401,0,OK
team_dreamteam_4_0,02_gnss_shadow,False,1,True,100.0,1,40.0,15.0,25.0,10.0,10.0,0.0,False,missions_done,,3.522,1.449,28.239,0,OK
team_dreamteam_4_0,02_gnss_shadow,False,2,True,100.0,1,40.0,15.0,25.0,10.0,10.0,0.0,False,missions_done,,3.184,1.308,25.599,0,OK
team_dreamteam_4_0,02_gnss_shadow,False,3,True,100.0,1,40.0,15.0,25.0,10.0,10.0,0.0,False,missions_done,,3.016,1.233,23.966,0,OK
team_dreamteam_4_0,02_gnss_shadow,False,7,True,100.0,1,40.0,15.0,25.0,10.0,10.0,0.0,False,missions_done,,3.326,1.372,26.374,0,OK
team_dreamteam_4_0,02_gnss_shadow,False,11,True,100.0,1,40.0,15.0,25.0,10.0,10.0,0.0,False,missions_done,,3.139,1.275,24.566,0,OK
team_dreamteam_4_0,02_gnss_shadow,False,21,True,100.0,1,40.0,15.0,25.0,10.0,10.0,0.0,False,missions_done,,3.116,1.271,24.423,0,OK
team_dreamteam_4_0,02_gnss_shadow,False,42,True,100.0,1,40.0,15.0,25.0,10.0,10.0,0.0,False,missions_done,,3.293,1.342,26.244,0,OK
team_dreamteam_4_0,03_fog_snow,False,1,True,98.4,2,40.0,13.401,25.0,10.0,10.0,0.0,False,missions_done,,5.213,1.095,26.442,0,OK
team_dreamteam_4_0,03_fog_snow,False,2,True,97.46,2,40.0,12.463,25.0,10.0,10.0,0.0,False,missions_done,,5.748,1.168,26.758,0,OK
team_dreamteam_4_0,03_fog_snow,False,3,True,98.17,2,40.0,13.166,25.0,10.0,10.0,0.0,False,missions_done,,5.388,1.136,26.361,0,OK
team_dreamteam_4_0,03_fog_snow,False,7,True,98.39,2,40.0,13.386,25.0,10.0,10.0,0.0,False,missions_done,,5.198,1.104,25.171,0,OK
team_dreamteam_4_0,03_fog_snow,False,11,True,98.3,2,40.0,13.3,25.0,10.0,10.0,0.0,False,missions_done,,5.081,1.061,25.937,0,OK
team_dreamteam_4_0,03_fog_snow,False,21,True,97.61,2,40.0,12.611,25.0,10.0,10.0,0.0,False,missions_done,,5.829,1.211,26.266,0,OK
team_dreamteam_4_0,03_fog_snow,False,42,True,97.96,2,40.0,12.956,25.0,10.0,10.0,0.0,False,missions_done,,5.17,1.068,55.412,0,OK
team_dreamteam_4_0,04_busy_yard,False,1,True,98.77,2,40.0,13.774,25.0,10.0,10.0,0.0,False,missions_done,,6.202,1.389,25.622,0,OK
team_dreamteam_4_0,04_busy_yard,False,2,True,98.57,2,40.0,13.568,25.0,10.0,10.0,0.0,False,missions_done,,6.287,1.394,26.916,0,OK
team_dreamteam_4_0,04_busy_yard,False,3,True,98.61,2,40.0,13.611,25.0,10.0,10.0,0.0,False,missions_done,,6.146,1.364,24.003,0,OK
team_dreamteam_4_0,04_busy_yard,False,7,True,98.77,2,40.0,13.774,25.0,10.0,10.0,0.0,False,missions_done,,6.484,1.452,26.099,0,OK
team_dreamteam_4_0,04_busy_yard,False,11,True,98.78,2,40.0,13.779,25.0,10.0,10.0,0.0,False,missions_done,,6.452,1.451,26.224,0,OK
team_dreamteam_4_0,04_busy_yard,False,21,True,98.77,2,40.0,13.769,25.0,10.0,10.0,0.0,False,missions_done,,6.59,1.489,25.241,0,OK
team_dreamteam_4_0,04_busy_yard,False,42,True,98.78,2,40.0,13.779,25.0,10.0,10.0,0.0,False,missions_done,,6.639,1.509,25.843,0,OK
